--
-- PostgreSQL database dump
--

-- Dumped from database version 13.2 (Debian 13.2-1.pgdg100+1)
-- Dumped by pg_dump version 13.2 (Debian 13.2-1.pgdg100+1)

SET statement_timeout = 0;
SET lock_timeout = 0;
SET idle_in_transaction_session_timeout = 0;
SET client_encoding = 'UTF8';
SET standard_conforming_strings = on;
SELECT pg_catalog.set_config('search_path', '', false);
SET check_function_bodies = false;
SET xmloption = content;
SET client_min_messages = warning;
SET row_security = off;

--
-- Data for Name: bc_user; Type: TABLE DATA; Schema: public; Owner: breadcrumbs_user
--

COPY public.bc_user (id, full_name, ts) FROM stdin;
1	Santi	2021-03-12 17:36:56.717325
2		2021-03-12 17:37:33.035616
3	Eoghan O'Loughlin	2021-04-10 09:50:07.11217
4	Tony and Thalita	2021-05-01 08:49:20.694563
7	Dylan	2021-05-02 19:52:42.791906
8	Tony	2021-05-30 09:48:09.580964
\.


--
-- Data for Name: notes; Type: TABLE DATA; Schema: public; Owner: breadcrumbs_user
--

COPY public.notes (id, note) FROM stdin;
1	tony was here.
2	Best place to visit
3	This is Céu's and Lua's turf 🐈 🐈‍⬛
4	Chuchichästli
5	hellooo everybody!
6	ы
7	Pura vida
8	hey
9	boo!
10	') SELECT * FROM breadcrumbs;
11	boop
12	sup
13	Secure passwords rocks
14	can
15	Esse Est Percipi
16	Aloha from Utah!
17	YO
18	Adoramos praia de Parede!
19	the waves are washed out in Porto today.
20	Hallo
21	Ciao ciccio
22	Sup Tony!
23	You can tottally do this. (◠‿◕)
24	pizza time!
25	Tony testing :D
26	A stunning Sydney morning ☀️
27	What a view - Awesome park!
28	Montmartre : most romantic place in the world !
29	Welcome to breadcrumbs!
30	Drinking a flat white
31	Wishing Tony was here to go for a surf
32	This is awesome 😎
33	Free pizza here 🍕🍻
34	So close but so far
35	Pancakes in Braga!!
36	Cascata de Pincães
37	Cascata da Portela do Homem
38	test
39	Starting the ride!!
40	Porto to Lisbon bike ride day 1 lunch break
41	Porto to Lisbon ride day 1 - https://photos.app.goo.gl/xVdYnUrLxBpEPnwU6
42	Porto to Lisbon bike ride day 1 arrived in Coimbra. Staying at hotel Domus. https://photos.app.goo.gl/XZjBCZstk8BGYNq18
43	Porto to Lisbon bike ride day 2 https://photos.app.goo.gl/KQWciz4rxT5noBDf7
44	Porto to Lisbon bike day 2 - made it to Nazare! 
45	Porto to Lisbon bike ride day 3 - final leg of the journey! 
46	Porto to Lisbon ride day 3 - made it!!
\.


--
-- Data for Name: breadcrumbs; Type: TABLE DATA; Schema: public; Owner: breadcrumbs_user
--

COPY public.breadcrumbs (id, data_type, data_id, geog, ts, user_id) FROM stdin;
1	note  	1	01010000A0E6100000D8AB7E5B66B322C0ED8ACF53D35743400000000000000000	2021-02-28 13:34:29.299318	\N
2	note  	2	01010000A0E6100000EF2FCC5367B322C04CA7751BD45743400000000000000000	2021-02-28 16:40:38.941488	\N
40	note  	39	01010000A0E6100000E652A6E2103721C0AB4EBD24849344400000000000000000	2021-05-30 09:48:09.580964	8
25	note  	\N	01010000A0E61000000C71D4D50EE96240CAD7550A73E740C00000000000005940	2021-03-03 21:16:43.63169	\N
41	note  	40	01010000A0E6100000C2FE469627F720C0392C68B51B6244400000000000000000	2021-05-30 13:44:10.178429	8
4	note  	4	01010000A0E6100000F27859F7BDAD22C02BD2D902ED5843400000000000000000	2021-02-28 18:31:29.563064	\N
3	note  	3	01010000A0E61000004873C20AB8AD22C0A4953A2CEF5843400000000000000000	2021-02-28 18:29:02.15189	\N
42	note  	41	01010000A0E6100000A578A6E1A5E520C07341C758B74944400000000000000000	2021-05-30 15:37:15.8808	8
6	note  	6	01010000A0E61000000926EDFC91B1424020B24813EFDF4B400000000000000000	2021-02-28 21:51:03.295437	\N
7	note  	7	01010000A0E6100000C520B072680555C0AEB6627FD9DD23400000000000000000	2021-02-28 21:52:47.492205	\N
8	note  	8	01010000A0E61000002F127FB9BB4302C0E883656CE8C44A400000000000000000	2021-02-28 21:53:21.69589	\N
9	note  	9	01010000A0E61000006C73C25FAAFCE5BF7932641E0B064A400000000000000000	2021-02-28 22:24:07.675541	\N
43	note  	42	01010000A0E6100000BD2484FD8DDC20C0A0466B56C71A44400000000000000000	2021-05-30 18:10:02.073624	8
12	note  	12	01010000A0E6100000BADC60A8C30ADABF95B4876297CA49400000000000000000	2021-03-01 08:35:39.947598	\N
13	note  	13	01010000A0E610000072755B7DD00E0340CBA4E1EF726C48400000000000000000	2021-03-01 14:27:49.379161	\N
14	note  	14	01010000A0E61000005994C8F43AB825406A95AAFE52AE46400000000000000000	2021-03-01 14:50:25.529481	\N
15	note  	15	01010000A0E6100000FF603B736AC251C01A8E42ED123045400000000000000000	2021-03-01 15:37:28.549825	\N
44	note  	43	01010000A0E6100000F9A46EC2188421C00B36BFAB2F1544400000000000000000	2021-05-31 11:10:24.272522	8
17	note  	17	01010000A0E61000004F626B112CD3554041E03774698E37400000000000000000	2021-03-01 16:39:32.506889	\N
18	note  	18	01010000A0E61000004D817CAC68B422C0094C04C2BF5743400000000000000000	2021-03-01 18:40:38.965106	\N
45	note  	44	01010000A0E6100000EA1560692A2522C0C3D4963AC8CC43400000000000000000	2021-05-31 19:07:58.28342	8
20	note  	20	01010000A0E61000007D63BE7273C42A40F8A00CFA773A4A400000000000000000	2021-03-01 21:16:37.630971	\N
46	note  	45	01010000A0E610000034DCDB8882D422C077627BD22E8143400000000000000000	2021-06-01 16:17:53.200992	8
22	note  	22	01010000A0E6100000FC4E3860FC6122C039B5334C6D5943400000000000000000	2021-03-02 14:45:20.241367	\N
47	note  	46	01010000A0E61000004934DCDB88C222C05559CAE8365943400000000000000000	2021-06-01 19:18:00.186716	8
24	note  	24	01010000A0E61000001948612871B322C0A0D91AB6D25743400000000000000000	2021-03-03 20:14:57.728814	\N
5	note  	5	01010000A0E610000061191BBA19E9624080A4E3C51DE640C00000000000000000	2021-02-28 21:02:31.75025	\N
10	note  	10	01010000A0E6100000649698C2DE825EC04466D3B606B242400000000000000000	2021-02-28 23:29:25.702424	\N
11	note  	11	01010000A0E6100000AF9465886319634026E4839ECD9A3BC00000000000000000	2021-03-01 03:53:32.461925	\N
16	note  	16	01010000A0E6100000CD65063B54005CC04A8996EFCF2C44400000000000000000	2021-03-01 16:23:08.681338	\N
19	note  	19	01010000A0E61000004F1E54DDF9985DC0221158339FF140400000000000000000	2021-03-01 19:07:32.433061	\N
21	note  	21	01010000A0E6100000FE70D4D50EE96240CAD7550A73E740C00000000000000000	2021-03-02 07:36:21.116785	\N
23	note  	23	01010000A0E610000055078A6970955EC05A8121AB5BCD47400000000000000000	2021-03-03 16:02:35.524871	\N
26	note  	25	01010000A0E61000003AE97DE36BB322C0884F954AD35743400000000000000000	2021-03-03 22:01:21.858951	\N
27	note  	26	01010000A0E6100000B07042751CE76240D525035106EE40C00000000000000000	2021-03-03 22:11:39.689205	\N
28	note  	27	01010000A0E6100000270120DDBEAD22C014E7A8A3E35843400000000000000000	2021-03-04 11:53:02.213879	\N
29	note  	28	01010000A0E61000008012FAF433B00240C3B414353D7148400000000000000000	2021-03-04 18:24:26.219085	\N
30	note  	29	01010000A0E6100000615E4E3CBBC5C4BFF0086DEEF6BA49400000000000000000	2021-03-05 11:57:57.50567	\N
31	note  	30	01010000A0E61000007E1D386744E362408126C286A7EF40C00000000000000000	2021-03-07 23:21:10.444729	\N
32	note  	31	01010000A0E61000001895D40968E662402EFF21FDF6ED40C00000000000000000	2021-03-07 23:22:16.869343	\N
33	note  	32	01010000A0E61000002899A9F4F04B22C0DD47B366335E43400000000000000000	2021-03-12 17:36:56.717325	1
34	note  	33	01010000A0E6100000787713DAF04B22C096B9D640335E43400000000000000000	2021-03-12 17:37:33.035616	2
35	note  	34	01010000A0E6100000188854072F8018C0969E9F98ABB24A400000000000000000	2021-04-10 09:50:07.11217	3
36	note  	35	01010000A0E6100000A26DEB5D72D620C02E0F88C6C9C544400000000000000000	2021-05-01 08:49:20.694563	4
37	note  	36	01010000A0E6100000D8AC44EA871E20C017D522A298DB44400000000000000000	2021-05-01 12:19:06.622362	4
38	note  	37	01010000A0E6100000950046E1C44120C0800AECD6D7E644400000000000000000	2021-05-02 15:10:11.005743	4
39	note  	38	01010000A0E61000007D19D69E239F53C0C478CDAB3AFD41400000000000000000	2021-05-02 19:52:42.791906	7
\.


--
-- Data for Name: flyway_schema_history; Type: TABLE DATA; Schema: public; Owner: breadcrumbs_user
--

COPY public.flyway_schema_history (installed_rank, version, description, type, script, checksum, installed_by, installed_on, execution_time, success) FROM stdin;
1	1	initial setup create events	SQL	V1__initial_setup_create_events.sql	-1393705746	breadcrumbs_user	2021-02-27 20:46:35.394397	35	t
2	2	add date created unix to breadcrumbs	SQL	V2__add_date_created_unix_to_breadcrumbs.sql	527409654	breadcrumbs_user	2021-02-27 20:46:35.443177	2	t
3	3	add timestamp to breadcrumbds	SQL	V3__add_timestamp_to_breadcrumbds.sql	-1933178294	breadcrumbs_user	2021-02-27 20:46:35.453865	2	t
4	4	add user table	SQL	V4__add_user_table.sql	-1640314868	breadcrumbs_user	2021-03-08 08:52:47.13268	15	t
\.


--
-- Data for Name: spatial_ref_sys; Type: TABLE DATA; Schema: public; Owner: breadcrumbs_user
--

COPY public.spatial_ref_sys (srid, auth_name, auth_srid, srtext, proj4text) FROM stdin;
\.


--
-- Name: bc_user_id_seq; Type: SEQUENCE SET; Schema: public; Owner: breadcrumbs_user
--

SELECT pg_catalog.setval('public.bc_user_id_seq', 7, true);


--
-- Name: breadcrumbs_id_seq; Type: SEQUENCE SET; Schema: public; Owner: breadcrumbs_user
--

SELECT pg_catalog.setval('public.breadcrumbs_id_seq', 39, true);


--
-- Name: notes_id_seq; Type: SEQUENCE SET; Schema: public; Owner: breadcrumbs_user
--

SELECT pg_catalog.setval('public.notes_id_seq', 38, true);


--
-- PostgreSQL database dump complete
--

